{"cameraMode":{"drawMode":0,"name":"Shaded","section":"Shading Mode"},"sceneLighting":true,"audioPlay":false,"sceneViewState":{"showFog":true,"showMaterialUpdate":false,"showSkybox":true,"showFlares":true,"showImageEffects":true,"showParticleSystems":true},"in2DMode":false,"pivot":{"x":302.3424377441406,"y":-2.5245046615600588,"z":238.05575561523438},"rotation":{"x":0.17252375185489655,"y":-0.008864938281476498,"z":0.0015527791110798717,"w":0.9849658608436585},"size":15.307734489440918,"orthographic":false}