{"cameraMode":{"drawMode":0,"name":"Shaded","section":"Shading Mode"},"sceneLighting":true,"audioPlay":false,"sceneViewState":{"showFog":true,"showMaterialUpdate":false,"showSkybox":true,"showFlares":true,"showImageEffects":true,"showParticleSystems":true},"in2DMode":false,"pivot":{"x":305.1465148925781,"y":2.962829113006592,"z":240.08970642089845},"rotation":{"x":0.17252375185489655,"y":-0.008864938281476498,"z":0.0015527791110798717,"w":0.9849658608436585},"size":23.6762638092041,"orthographic":false}